NC_012660.1 PASS 3764 2 C T "3764" "0|1" "56" "0.161,0.839" "0.17,0.83"
NC_012660.1 RF 17671 2 C T "17671" "0|1" "61" "0.902,0.098" "0.91,0.094"
NC_012660.1 RF 42001 2 CT C "42001" "1|0" "54" "0.815,0.185" "0.11,0.89"
NC_012660.1 RF 42693 2 A G "42001" "1|0" "70" "0.914,0.086" "0.11,0.89"
NC_012660.1 PASS 45877 1 A AG "45877" "1" "30" ".,1" "."
NC_012660.1 RF 90207 2 C T "90207" "0|1" "63" "0.857,0.143" "0.84,0.16"
NC_012660.1 PASS 115440 2 C T "115440" "0|1" "45" "0.489,0.511" "0.48,0.52"
NC_012660.1 RF 130297 2 G T "130297" "0|1" "51" "0.627,0.373" "0.78,0.22"
NC_012660.1 RF 130321 2 G T "130297" "0|1" "47" "0.553,0.447" "0.78,0.22"
NC_012660.1 RF 147766 2 C T "147766" "0|1" "43" "0.86,0.14" "0.83,0.17"
NC_012660.1 PASS 188994 2 A G "188994" "0|1" "37" "0.135,0.865" "0.15,0.85"
NC_012660.1 RF 211615 2 G C "211615" "1|0" "43" "0.07,0.93" "0.9,0.099"
NC_012660.1 PASS 248389 2 C T "248389" "0|1" "56" "0.661,0.339" "0.63,0.37"
NC_012660.1 PASS 255393 2 A G "255393" "0|1" "51" "0.765,0.235" "0.76,0.24"
NC_012660.1 RF 345528 2 C T "345528" "0|1" "54" "0.833,0.167" "0.83,0.17"
NC_012660.1 PASS 360359 2 CAGCCCGCTTGTTGTAGTGAGCGGGCTTGCCCCGCGCTGGGTTGCGAAGCGACCCAATGAAGCCACCTCGTTCTTTCAGTCAGCGCGCCGTGGCTGTTTCTGGGGTTGCTTCGCAACCCAGCGCGGGGCA C "360359" "1|0" "58" "0.638,0.362" "0.37,0.63"
NC_012660.1 PASS 431176 2 G A "431176" "1|0" "43" "0.419,0.581" "0.61,0.39"
NC_012660.1 PASS 458540 2 C T "458540" "0|1" "46" "0.13,0.87" "0.17,0.83"
NC_012660.1 RF 495963 2 TGGGCAGGCCTGTTGTGATGAGCAGGGCTTGTTGTGGTGAGCAGGCTTGCCCTGCGCTGGGCTGCGAAGCAGCCCCAAAACCATTCACCGCGGTCTATCTGTAAAAATGAGGTGTGACGGTTGGGGCTGCTTCGCAGCCCAGCGCA T "495963" "1|0" "61" "0.738,0.262" "0.2,0.8"
NC_012660.1 RF 500207 2 T TG "500207" "0|1" "28" "0.857,0.143" "0.83,0.17"
NC_012660.1 PASS 505797 3 A G "505797" "0|0|1" "39" "0.897,0.103" "0.4,0.45,0.15"
NC_012660.1 PASS 506260 3 A G "505797" "0|1|0" "35" "0.571,0.429" "0.4,0.45,0.15"
NC_012660.1 RF 512989 2 C T "512989" "0|1" "46" "0.87,0.13" "0.84,0.16"
NC_012660.1 RF 571880 2 AGTCTTCGCCGCT A "571880" "1|0" "57" "0.912,0.088" "0.082,0.92"
NC_012660.1 RF 588121 2 C CG "588121" "0|1" "41" "0.854,0.146" "0.79,0.21"
NC_012660.1 PASS 591158 2 G A "591158" "1|0" "53" "0.208,0.792" "0.76,0.24"
NC_012660.1 PASS 668756 2 A G "668756" "0|1" "55" "0.691,0.309" "0.63,0.37"
NC_012660.1 PASS 703046 2 G A "703046" "1|0" "47" "0.638,0.362" "0.38,0.62"
NC_012660.1 RF 709641 2 C T "709641" "0|1" "58" "0.931,0.069" "0.92,0.083"
NC_012660.1 RF 717000 2 A G "717000" "0|1" "63" "0.873,0.127" "0.89,0.11"
NC_012660.1 PASS 725134 2 A G "725134" "0|1" "36" "0.556,0.444" "0.66,0.34"
NC_012660.1 PASS 725646 2 C T "725134" "0|1" "40" "0.775,0.225" "0.66,0.34"
NC_012660.1 RF 748069 2 G GC "748069" "0|1" "45" "0.511,0.489" "0.71,0.29"
NC_012660.1 RF 762366 2 A G "762366" "0|1" "33" "0.909,0.091" "0.87,0.13"
NC_012660.1 RF 790434 2 G T "790434" "0|1" "31" "0.774,0.226" "0.86,0.14"
NC_012660.1 RF 805424 2 A G "805424" "0|1" "42" "0.905,0.095" "0.87,0.13"
NC_012660.1 PASS 808979 2 C T "808979" "0|1" "32" "0.844,0.156" "0.77,0.23"
NC_012660.1 RF 854693 2 G A "854693" "1|0" "40" "0.95,0.05" "0.11,0.89"
NC_012660.1 RF 855185 2 A G "854693" "1|0" "43" "0.86,0.14" "0.11,0.89"
NC_012660.1 RF 863297 2 C T "863297" "0|1" "42" "0.905,0.095" "0.87,0.13"
NC_012660.1 PASS 866713 2 GT G "866713" "1|0" "31" "0.581,0.419" "0.51,0.49"
NC_012660.1 RF 872522 2 G A "872522" "1|0" "43" "0.93,0.07" "0.1,0.9"
NC_012660.1 PASS 901240 2 C T "901240" "0|1" "51" "0.627,0.373" "0.62,0.38"
NC_012660.1 PASS 907511 2 C T "907511" "0|1" "31" "0.839,0.161" "0.81,0.19"
NC_012660.1 PASS 925299 2 A G "925299" "0|1" "53" "0.792,0.208" "0.76,0.24"
NC_012660.1 RF 928976 3 C T "928976" "0|0|1" "43" "0.93,0.07" "0.11,0.78,0.11"
NC_012660.1 PASS 929335 3 C T "928976" "0|0|1" "29" "0.897,0.103" "0.11,0.78,0.11"
NC_012660.1 RF 930865 3 T A "928976" "1|0|0" "52" "0.923,0.077" "0.11,0.78,0.11"
NC_012660.1 RF 934188 2 A G "934188" "0|1" "43" "0.837,0.163" "0.83,0.17"
NC_012660.1 PASS 935294 3 T C "935294" "1|1|0" "47" "0.447,0.553" "0.39,0.21,0.4"
NC_012660.1 PASS 935884 3 T C "935294" "1|0|1" "40" "0.15,0.85" "0.39,0.21,0.4"
NC_012660.1 PASS 935885 3 G A "935294" "0|1|0" "40" "0.85,0.15" "0.39,0.21,0.4"
NC_012660.1 PASS 960739 2 G A "960739" "1|0" "60" "0.483,0.517" "0.55,0.45"
NC_012660.1 RF 977362 2 G A "977362" "1|0" "42" "0.929,0.071" "0.11,0.89"
NC_012660.1 RF 983251 2 C T "983251" "0|1" "43" "0.907,0.093" "0.92,0.077"
NC_012660.1 PASS 985332 1 G GC "985332" "1" "43" ".,1" "."
NC_012660.1 RF 994472 2 GCA G "994472" "1|0" "40" "0.875,0.125" "0.096,0.9"
NC_012660.1 RF 995024 2 G T "994472" "1|0" "47" "0.936,0.064" "0.096,0.9"
NC_012660.1 PASS 1006651 2 C T "1006651" "0|1" "41" "0.659,0.341" "0.64,0.36"
NC_012660.1 PASS 1032167 3 G A "1032167" "1|0|0" "43" "0.93,0.07" "0.19,0.58,0.24"
NC_012660.1 PASS 1033682 3 A AG "1032167" "1|0|1" "52" "0.5,0.5" "0.19,0.58,0.24"
NC_012660.1 PASS 1034659 3 G A "1032167" "0|0|1" "46" "0.826,0.174" "0.19,0.58,0.24"
NC_012660.1 RF 1042186 2 C T "1042186" "0|1" "33" "0.848,0.152" "0.84,0.16"
NC_012660.1 PASS 1048922 2 C T "1048922" "0|1" "59" "0.288,0.712" "0.36,0.64"
NC_012660.1 PASS 1050243 2 C T "1048922" "1|0" "43" "0.512,0.488" "0.36,0.64"
NC_012660.1 RF 1056701 2 C T "1056701" "0|1" "52" "0.923,0.077" "0.89,0.11"
NC_012660.1 RF 1058647 2 C T "1058647" "0|1" "60" "0.133,0.867" "0.13,0.87"
NC_012660.1 RF 1059412 2 CT C "1058647" "1|0" "43" "0.837,0.163" "0.13,0.87"
NC_012660.1 RF 1065132 2 T C "1065132" "1|0" "69" "0.87,0.13" "0.13,0.87"
NC_012660.1 RF 1068879 2 C T "1068879" "0|1" "62" "0.887,0.113" "0.85,0.15"
NC_012660.1 PASS 1100292 2 A G "1100292" "0|1" "46" "0.5,0.5" "0.5,0.5"
NC_012660.1 PASS 1104563 3 C T "1104563" "0|0|1" "52" "0.904,0.096" "0.47,0.41,0.12"
NC_012660.1 PASS 1104564 3 C T "1104563" "0|1|0" "50" "0.6,0.4" "0.47,0.41,0.12"
NC_012660.1 PASS 1105387 3 G A "1104563" "0|0|1" "36" "0.889,0.111" "0.47,0.41,0.12"
NC_012660.1 RF 1107069 2 C T "1107069" "0|1" "46" "0.826,0.174" "0.81,0.19"
NC_012660.1 PASS 1118868 2 A AC "1118868" "0|1" "50" "0.2,0.8" "0.25,0.75"
NC_012660.1 RF 1151131 2 A G "1151131" "0|1" "46" "0.848,0.152" "0.83,0.17"
NC_012660.1 PASS 1161863 2 A G "1161863" "0|1" "42" "0.595,0.405" "0.65,0.35"
NC_012660.1 PASS 1187672 2 C T "1187672" "0|1" "42" "0.667,0.333" "0.61,0.39"
NC_012660.1 PASS 1191370 2 T TG "1191370" "0|1" "50" "0.58,0.42" "0.48,0.52"
NC_012660.1 RF 1211747 2 C CG "1211747" "0|1" "34" "0.765,0.235" "0.8,0.2"
NC_012660.1 PASS 1246826 2 A G "1246826" "0|1" "40" "0.8,0.2" "0.78,0.22"
NC_012660.1 PASS 1274909 2 C T "1274909" "0|1" "42" "0.619,0.381" "0.55,0.45"
NC_012660.1 PASS 1279312 2 G GC "1279312" "1|0" "44" "0.841,0.159" "0.17,0.83"
NC_012660.1 PASS 1279523 2 A AC "1279312" "0|1" "37" "0.189,0.811" "0.17,0.83"
NC_012660.1 RF 1299401 2 A AG "1299401" "0|1" "41" "0.805,0.195" "0.8,0.2"
NC_012660.1 PASS 1302212 3 C CCCAGCTTGA "1302212" "0|1|1" "35" "0.171,0.829" "0.19,0.46,0.35"
NC_012660.1 PASS 1302282 3 G A "1302212" "0|1|0" "41" "0.512,0.488" "0.19,0.46,0.35"
NC_012660.1 RF 1347709 2 G A "1347709" "1|0" "49" "0.918,0.082" "0.093,0.91"
NC_012660.1 RF 1353139 2 GACTGAAACGGCCGCGACGACC G "1353139" "1|0" "46" "0.087,0.913" "0.91,0.088"
NC_012660.1 PASS 1358066 2 C T "1358066" "0|1" "50" "0.6,0.4" "0.6,0.4"
NC_012660.1 PASS 1360481 2 A G "1360481" "0|1" "29" "0.138,0.862" "0.19,0.81"
NC_012660.1 RF 1406171 2 C T "1406171" "0|1" "56" "0.821,0.179" "0.81,0.19"
NC_012660.1 RF 1413290 2 G A "1413290" "1|0" "46" "0.848,0.152" "0.17,0.83"
NC_012660.1 RF 1415622 2 A G "1415622" "0|1" "65" "0.908,0.092" "0.89,0.11"
NC_012660.1 PASS 1425210 2 C T "1425210" "0|1" "32" "0.75,0.25" "0.75,0.25"
NC_012660.1 PASS 1451794 2 C CG "1451794" "0|1" "46" "0.217,0.783" "0.23,0.77"
NC_012660.1 RF 1480588 2 C T "1480588" "0|1" "46" "0.957,0.043" "0.95,0.047"
NC_012660.1 RF 1480641 2 A T "1480588" "0|1" "52" "0.962,0.038" "0.95,0.047"
NC_012660.1 PASS 1545229 2 C T "1545229" "0|1" "48" "0.562,0.438" "0.53,0.47"
NC_012660.1 PASS 1646116 2 G GC "1646116" "0|1" "46" "0.674,0.326" "0.67,0.33"
NC_012660.1 RF 1695347 2 A G "1695347" "0|1" "43" "0.907,0.093" "0.89,0.11"
NC_012660.1 RF 1701630 2 C T "1701630" "0|1" "46" "0.87,0.13" "0.85,0.15"
NC_012660.1 RF 1706024 2 T C "1706024" "1|0" "59" "0.881,0.119" "0.13,0.87"
NC_012660.1 PASS 1725702 2 C T "1725702" "0|1" "46" "0.174,0.826" "0.17,0.83"
NC_012660.1 PASS 1747531 2 A AG "1747531" "0|1" "33" "0.697,0.303" "0.68,0.32"
NC_012660.1 RF 1751181 2 A G "1751181" "0|1" "55" "0.855,0.145" "0.85,0.15"
NC_012660.1 PASS 1760427 2 G A "1760427" "1|0" "47" "0.255,0.745" "0.68,0.32"
NC_012660.1 PASS 1761209 2 C T "1760427" "1|0" "44" "0.432,0.568" "0.68,0.32"
NC_012660.1 PASS 1765846 2 C T "1765846" "0|1" "34" "0.471,0.529" "0.43,0.57"
NC_012660.1 PASS 1778145 2 G A "1778145" "1|0" "41" "0.78,0.22" "0.29,0.71"
NC_012660.1 PASS 1849044 2 T C "1849044" "1|0" "37" "0.784,0.216" "0.28,0.72"
NC_012660.1 RF 1863575 2 C T "1863575" "0|1" "57" "0.912,0.088" "0.89,0.11"
NC_012660.1 RF 1878852 2 A G "1878852" "0|1" "50" "0.92,0.08" "0.89,0.11"
NC_012660.1 PASS 1898732 2 C T "1898732" "0|1" "42" "0.286,0.714" "0.28,0.72"
NC_012660.1 RF 1906669 2 T G "1906669" "1|0" "32" "0.906,0.094" "0.14,0.86"
NC_012660.1 RF 1925143 2 C T "1925143" "0|1" "53" "0.925,0.075" "0.91,0.092"
NC_012660.1 PASS 1942201 2 A AG "1942201" "0|1" "33" "0.455,0.545" "0.42,0.58"
NC_012660.1 PASS 2000519 1 A AG "2000519" "1" "28" ".,1" "."
NC_012660.1 RF 2094915 2 A G "2094915" "0|1" "48" "0.938,0.062" "0.89,0.11"
NC_012660.1 RF 2147933 2 C A "2147933" "1|0" "59" "0.593,0.407" "0.27,0.73"
NC_012660.1 PASS 2160375 2 A G "2160375" "0|1" "43" "0.767,0.233" "0.75,0.25"
NC_012660.1 PASS 2192911 2 A G "2192911" "0|1" "42" "0.19,0.81" "0.21,0.79"
NC_012660.1 PASS 2211114 2 C T "2211114" "0|1" "49" "0.184,0.816" "0.19,0.81"
NC_012660.1 RF 2257856 2 C T "2257856" "0|1" "32" "0.906,0.094" "0.87,0.13"
NC_012660.1 RF 2263815 2 C T "2263815" "0|1" "44" "0.932,0.068" "0.9,0.1"
NC_012660.1 RF 2264959 2 C A "2264959" "1|0" "52" "0.731,0.269" "0.24,0.76"
NC_012660.1 RF 2291778 2 G A "2291778" "1|0" "41" "0.902,0.098" "0.11,0.89"
NC_012660.1 PASS 2298184 2 T TG "2298184" "0|1" "49" "0.551,0.449" "0.52,0.48"
NC_012660.1 RF 2303606 2 C T "2303606" "0|1" "47" "0.936,0.064" "0.9,0.097"
NC_012660.1 RF 2355667 2 C T "2355667" "0|1" "44" "0.932,0.068" "0.91,0.087"
NC_012660.1 PASS 2360526 2 T TG "2360526" "0|1" "33" "0.667,0.333" "0.65,0.35"
NC_012660.1 PASS 2369628 2 C T "2369628" "0|1" "41" "0.78,0.22" "0.84,0.16"
NC_012660.1 RF 2370212 2 T C "2369628" "0|1" "51" "0.922,0.078" "0.84,0.16"
NC_012660.1 RF 2382168 2 C CG "2382168" "0|1" "31" "0.839,0.161" "0.73,0.27"
NC_012660.1 RF 2395870 2 A G "2395870" "0|1" "39" "0.872,0.128" "0.87,0.13"
NC_012660.1 RF 2405421 2 C T "2405421" "0|1" "52" "0.923,0.077" "0.91,0.089"
NC_012660.1 PASS 2429508 2 T C "2429508" "1|0" "50" "0.68,0.32" "0.32,0.68"
NC_012660.1 PASS 2441593 1 C CG "2441593" "1" "34" ".,1" "."
NC_012660.1 RF 2448707 2 A G "2448707" "0|1" "43" "0.907,0.093" "0.88,0.12"
NC_012660.1 RF 2458700 2 C T "2458700" "0|1" "45" "0.933,0.067" "0.93,0.069"
NC_012660.1 RF 2459063 2 T C "2458700" "0|1" "58" "0.966,0.034" "0.93,0.069"
NC_012660.1 PASS 2476023 2 A G "2476023" "0|1" "57" "0.667,0.333" "0.66,0.34"
NC_012660.1 PASS 2484193 2 T C "2484193" "1|0" "39" "0.641,0.359" "0.37,0.63"
NC_012660.1 RF 2503391 2 AG A "2503391" "1|0" "54" "0.759,0.241" "0.38,0.62"
NC_012660.1 PASS 2525265 2 T G "2525265" "1|0" "55" "0.2,0.8" "0.77,0.23"
NC_012660.1 PASS 2533708 2 G A "2533708" "1|0" "19" "0.789,0.211" "0.27,0.73"
NC_012660.1 RF 2535876 2 C A "2535876" "1|0" "42" "0.833,0.167" "0.29,0.71"
NC_012660.1 RF 2569064 2 C T "2569064" "0|1" "43" "0.907,0.093" "0.87,0.13"
NC_012660.1 PASS 2594476 2 C CG "2594476" "0|1" "37" "0.703,0.297" "0.66,0.34"
NC_012660.1 PASS 2632935 2 A AG "2632935" "0|1" "55" "0.618,0.382" "0.59,0.41"
NC_012660.1 RF 2661867 2 AGCGGGCTTGCCCCGCGCTGGGTGGCGAAGCCGCCCCAATAAGGACAGCGCGGTTCTTCAGAAGGAATAGCGGCGCCTGGTTTAGGGCGGCTTCGCCACCCAGCGCGGGGCAAGCCCGCTCACTACGGTGTGCG A "2661867" "1|0" "28" "0.893,0.107" "0.16,0.84"
NC_012660.1 RF 2691502 2 C T "2691502" "0|1" "48" "0.875,0.125" "0.88,0.12"
NC_012660.1 PASS 2694651 1 G GA "2694651" "1" "40" ".,1" "."
NC_012660.1 PASS 2714376 2 A G "2714376" "0|1" "38" "0.263,0.737" "0.28,0.72"
NC_012660.1 RF 2787282 2 A AC "2787282" "0|1" "52" "0.788,0.212" "0.77,0.23"
NC_012660.1 PASS 2808190 2 C T "2808190" "0|1" "61" "0.639,0.361" "0.63,0.37"
NC_012660.1 RF 2884292 2 A G "2884292" "0|1" "45" "0.889,0.111" "0.87,0.13"
NC_012660.1 RF 2903855 2 C T "2903855" "0|1" "56" "0.875,0.125" "0.84,0.16"
NC_012660.1 RF 2927859 2 C T "2927859" "0|1" "52" "0.904,0.096" "0.89,0.11"
NC_012660.1 RF 2951304 2 C T "2951304" "0|1" "49" "0.918,0.082" "0.84,0.16"
NC_012660.1 PASS 2959503 1 C T "2959503" "1" "53" ".,1" "."
NC_012660.1 RF 2963027 2 A G "2963027" "0|1" "48" "0.104,0.896" "0.12,0.88"
NC_012660.1 RF 2987734 2 G A "2987734" "1|0" "53" "0.925,0.075" "0.081,0.92"
NC_012660.1 PASS 3088925 2 T C "3088925" "1|0" "53" "0.66,0.34" "0.35,0.65"
NC_012660.1 PASS 3108296 3 A G "3108296" "0|0|1" "29" "0.655,0.345" "0.46,0.2,0.34"
NC_012660.1 PASS 3109369 3 C T "3108296" "0|1|0" "51" "0.863,0.137" "0.46,0.2,0.34"
NC_012660.1 PASS 3109929 3 A AG "3108296" "1|0|0" "51" "0.569,0.431" "0.46,0.2,0.34"
NC_012660.1 RF 3144797 2 C T "3144797" "0|1" "42" "0.881,0.119" "0.83,0.17"
NC_012660.1 RF 3179204 2 C A "3179204" "1|0" "58" "0.879,0.121" "0.13,0.87"
NC_012660.1 RF 3215993 2 C T "3215993" "0|1" "62" "0.887,0.113" "0.86,0.14"
NC_012660.1 RF 3224807 2 T C "3224807" "1|0" "43" "0.907,0.093" "0.12,0.88"
NC_012660.1 RF 3236954 2 CA C "3236954" "1|0" "42" "0.857,0.143" "0.14,0.86"
NC_012660.1 PASS 3262113 2 C T "3262113" "0|1" "32" "0.75,0.25" "0.7,0.3"
NC_012660.1 PASS 3285981 2 A G "3285981" "0|1" "53" "0.679,0.321" "0.69,0.31"
NC_012660.1 PASS 3314333 2 C T "3314333" "0|1" "32" "0.594,0.406" "0.67,0.33"
NC_012660.1 PASS 3326860 2 C T "3326860" "0|1" "44" "0.659,0.341" "0.68,0.32"
NC_012660.1 RF 3364853 2 C T "3364853" "0|1" "50" "0.92,0.08" "0.9,0.099"
NC_012660.1 RF 3371453 2 C T "3371453" "0|1" "69" "0.913,0.087" "0.89,0.11"
NC_012660.1 RF 3413463 2 G A "3413463" "1|0" "35" "0.914,0.086" "0.12,0.88"
NC_012660.1 PASS 3433134 2 A G "3433134" "0|1" "39" "0.231,0.769" "0.26,0.74"
NC_012660.1 PASS 3438354 2 G A "3438354" "1|0" "63" "0.19,0.81" "0.81,0.19"
NC_012660.1 PASS 3447980 1 TCC T "3447980" "1" "43" ".,1" "."
NC_012660.1 PASS 3451491 2 G GC "3451491" "0|1" "50" "0.56,0.44" "0.49,0.51"
NC_012660.1 RF 3454804 2 C T "3454804" "0|1" "62" "0.935,0.065" "0.91,0.093"
NC_012660.1 RF 3457636 2 G A "3457636" "1|0" "49" "0.939,0.061" "0.089,0.91"
NC_012660.1 PASS 3504632 3 C T "3504632" "0|1|1" "54" "0.519,0.481" "0.55,0.1,0.35"
NC_012660.1 PASS 3505494 3 T C "3504632" "0|1|0" "60" "0.917,0.083" "0.55,0.1,0.35"
NC_012660.1 RF 3512984 2 G A "3512984" "1|0" "47" "0.83,0.17" "0.21,0.79"
NC_012660.1 PASS 3516625 2 T C "3516625" "1|0" "67" "0.522,0.478" "0.45,0.55"
NC_012660.1 RF 3529798 2 G A "3529798" "1|0" "56" "0.929,0.071" "0.098,0.9"
NC_012660.1 RF 3547575 2 C T "3547575" "0|1" "44" "0.864,0.136" "0.83,0.17"
NC_012660.1 RF 3558733 2 G A "3558733" "1|0" "60" "0.95,0.05" "0.07,0.93"
NC_012660.1 RF 3560267 2 C T "3560267" "0|1" "62" "0.145,0.855" "0.18,0.82"
NC_012660.1 PASS 3581144 2 G A "3581144" "1|0" "35" "0.629,0.371" "0.4,0.6"
NC_012660.1 PASS 3657188 2 A AC "3657188" "0|1" "32" "0.625,0.375" "0.59,0.41"
NC_012660.1 PASS 3669482 2 T C "3669482" "1|0" "38" "0.684,0.316" "0.31,0.69"
NC_012660.1 PASS 3672664 2 G A "3672664" "1|0" "56" "0.571,0.429" "0.4,0.6"
NC_012660.1 PASS 3696879 2 G A "3696879" "1|0" "42" "0.69,0.31" "0.31,0.69"
NC_012660.1 RF 3698184 3 T C "3698184" "1|0|0" "52" "0.904,0.096" "0.11,0.71,0.18"
NC_012660.1 PASS 3698491 3 A AC "3698184" "0|0|1" "41" "0.829,0.171" "0.11,0.71,0.18"
NC_012660.1 RF 3714335 2 A G "3714335" "0|1" "44" "0.341,0.659" "0.65,0.35"
NC_012660.1 PASS 3720055 2 C T "3720055" "0|1" "40" "0.75,0.25" "0.7,0.3"
NC_012660.1 RF 3737521 2 G A "3737521" "1|0" "40" "0.925,0.075" "0.11,0.89"
NC_012660.1 RF 3758098 2 G A "3758098" "1|0" "56" "0.821,0.179" "0.2,0.8"
NC_012660.1 PASS 3765167 2 T C "3765167" "1|0" "56" "0.625,0.375" "0.41,0.59"
NC_012660.1 PASS 3792306 2 G A "3792306" "1|0" "47" "0.298,0.702" "0.66,0.34"
NC_012660.1 PASS 3865301 2 T C "3865301" "1|0" "56" "0.196,0.804" "0.76,0.24"
NC_012660.1 PASS 3869834 2 G C "3869834" "1|0" "47" "0.489,0.511" "0.41,0.59"
NC_012660.1 RF 3880492 2 G A "3880492" "1|0" "34" "0.882,0.118" "0.15,0.85"
NC_012660.1 PASS 3889114 2 A G "3889114" "0|1" "31" "0.645,0.355" "0.63,0.37"
NC_012660.1 PASS 3910599 2 G A "3910599" "1|0" "52" "0.692,0.308" "0.3,0.7"
NC_012660.1 PASS 3916876 2 G GC "3916876" "0|1" "37" "0.189,0.811" "0.3,0.7"
NC_012660.1 RF 3942839 2 G A "3942839" "1|0" "56" "0.946,0.054" "0.083,0.92"
NC_012660.1 RF 3955337 2 C T "3955337" "0|1" "61" "0.934,0.066" "0.9,0.1"
NC_012660.1 RF 3986410 2 A G "3986410" "0|1" "48" "0.083,0.917" "0.09,0.91"
NC_012660.1 RF 3998303 2 T TG "3998303" "0|1" "65" "0.138,0.862" "0.17,0.83"
NC_012660.1 RF 4008968 2 G A "4008968" "1|0" "49" "0.939,0.061" "0.088,0.91"
NC_012660.1 PASS 4017512 2 C T "4017512" "0|1" "37" "0.622,0.378" "0.59,0.41"
NC_012660.1 PASS 4019906 2 G GC "4019906" "0|1" "48" "0.688,0.312" "0.63,0.37"
NC_012660.1 PASS 4052700 2 T C "4052700" "1|0" "56" "0.679,0.321" "0.34,0.66"
NC_012660.1 PASS 4117453 2 A G "4117453" "0|1" "43" "0.233,0.767" "0.24,0.76"
NC_012660.1 RF 4180472 2 T TG "4180472" "0|1" "50" "0.9,0.1" "0.87,0.13"
NC_012660.1 RF 4193798 2 G A "4193798" "1|0" "52" "0.865,0.135" "0.13,0.87"
NC_012660.1 RF 4198382 2 G A "4198382" "1|0" "36" "0.889,0.111" "0.11,0.89"
NC_012660.1 RF 4221186 2 G A "4221186" "1|0" "34" "0.912,0.088" "0.13,0.87"
NC_012660.1 PASS 4227942 2 G A "4227942" "1|0" "42" "0.619,0.381" "0.39,0.61"
NC_012660.1 PASS 4245983 2 G A "4245983" "1|0" "34" "0.353,0.647" "0.63,0.37"
NC_012660.1 PASS 4252092 2 G A "4252092" "1|0" "53" "0.717,0.283" "0.29,0.71"
NC_012660.1 PASS 4290350 2 G A "4290350" "1|0" "61" "0.18,0.82" "0.8,0.2"
NC_012660.1 RF 4297260 2 GC G "4297260" "1|0" "46" "0.196,0.804" "0.84,0.16"
NC_012660.1 RF 4305886 2 T C "4305886" "1|0" "67" "0.94,0.06" "0.085,0.92"
NC_012660.1 PASS 4314664 2 G A "4314664" "1|0" "51" "0.569,0.431" "0.39,0.61"
NC_012660.1 RF 4318986 2 G A "4318986" "1|0" "55" "0.891,0.109" "0.13,0.87"
NC_012660.1 PASS 4346992 2 G A "4346992" "1|0" "55" "0.782,0.218" "0.24,0.76"
NC_012660.1 PASS 4364309 2 G A "4364309" "1|0" "50" "0.68,0.32" "0.31,0.69"
NC_012660.1 RF 4393110 2 C A "4393110" "1|0" "45" "0.867,0.133" "0.13,0.87"
NC_012660.1 RF 4422995 2 G C "4422995" "1|0" "45" "0.889,0.111" "0.13,0.87"
NC_012660.1 RF 4443574 2 G A "4443574" "1|0" "60" "0.85,0.15" "0.094,0.91"
NC_012660.1 RF 4452089 2 T C "4452089" "1|0" "39" "0.872,0.128" "0.16,0.84"
NC_012660.1 RF 4454610 2 G A "4454610" "1|0" "47" "0.894,0.106" "0.11,0.89"
NC_012660.1 RF 4486831 2 G A "4486831" "1|0" "51" "0.922,0.078" "0.082,0.92"
NC_012660.1 PASS 4495365 2 C T "4495365" "0|1" "40" "0.425,0.575" "0.44,0.56"
NC_012660.1 PASS 4526899 2 G A "4526899" "1|0" "49" "0.714,0.286" "0.3,0.7"
NC_012660.1 PASS 4541749 2 G A "4541749" "1|0" "48" "0.792,0.208" "0.21,0.79"
NC_012660.1 RF 4543214 2 G A "4543214" "1|0" "48" "0.917,0.083" "0.078,0.92"
NC_012660.1 RF 4589894 2 A G "4589894" "0|1" "36" "0.889,0.111" "0.84,0.16"
NC_012660.1 RF 4602892 2 T C "4602892" "1|0" "40" "0.875,0.125" "0.16,0.84"
NC_012660.1 RF 4643705 2 C A "4643705" "1|0" "52" "0.5,0.5" "0.24,0.76"
NC_012660.1 RF 4643931 2 A T "4643705" "1|0" "33" "0.727,0.273" "0.24,0.76"
NC_012660.1 PASS 4654537 2 G A "4654537" "1|0" "30" "0.3,0.7" "0.7,0.3"
NC_012660.1 RF 4676639 2 G C "4676639" "1|0" "62" "0.823,0.177" "0.19,0.81"
NC_012660.1 RF 4688904 2 G GC "4688904" "0|1" "58" "0.862,0.138" "0.86,0.14"
NC_012660.1 RF 4697224 2 ACAAGCCCGCTCACCACAAAAGCTCCACCATCACAAAAGCTCGATCACTACAGAGGCTCGATCACCAGAGGAGCCCAGCAAGTGCGCCCGGGTGGGCTGAGGGTTTCTGATTGGGTGCTGAGGGGCGAGCCTTTTGTAGTGAGCGGGCTTGCCCCGCGCTGGGCTGCGAAGCGGCCCTAATGCGACCAGTGCGTTGAATCAGGCAGAGCGCGTGGCCAGGTTGGGGGCTGCTGCGCAGCCCAGCGCGGGG A "4697224" "1|0" "53" "0.811,0.189" "0.25,0.75"
NC_012660.1 PASS 4736650 2 G A "4736650" "1|0" "39" "0.795,0.205" "0.25,0.75"
NC_012660.1 RF 4764484 2 G A "4764484" "1|0" "37" "0.892,0.108" "0.14,0.86"
NC_012660.1 PASS 4798742 2 G A "4798742" "1|0" "39" "0.615,0.385" "0.4,0.6"
NC_012660.1 PASS 4811713 2 A G "4811713" "0|1" "33" "0.606,0.394" "0.62,0.38"
NC_012660.1 PASS 4856484 2 C T "4856484" "0|1" "51" "0.529,0.471" "0.5,0.5"
NC_012660.1 RF 4874082 2 G A "4874082" "1|0" "53" "0.83,0.17" "0.16,0.84"
NC_012660.1 PASS 4884632 2 G A "4884632" "1|0" "51" "0.804,0.196" "0.22,0.78"
NC_012660.1 PASS 4888843 1 C A "4888843" "1" "60" ".,1" "."
NC_012660.1 RF 4913683 2 G A "4913683" "1|0" "42" "0.881,0.119" "0.14,0.86"
NC_012660.1 RF 4942385 2 G A "4942385" "1|0" "42" "0.905,0.095" "0.12,0.88"
NC_012660.1 PASS 4943555 2 T C "4943555" "1|0" "53" "0.642,0.358" "0.38,0.62"
NC_012660.1 PASS 4953458 1 G A "4953458" "1" "36" ".,1" "."
NC_012660.1 RF 4959452 2 A G "4959452" "0|1" "40" "0.875,0.125" "0.87,0.13"
NC_012660.1 PASS 5004989 2 C CG "5004989" "0|1" "30" "0.167,0.833" "0.14,0.86"
NC_012660.1 PASS 5040338 2 C T "5040338" "0|1" "51" "0.255,0.745" "0.26,0.74"
NC_012660.1 RF 5049434 2 G A "5049434" "1|0" "51" "0.824,0.176" "0.2,0.8"
NC_012660.1 RF 5059253 2 C T "5059253" "0|1" "46" "0.87,0.13" "0.84,0.16"
NC_012660.1 RF 5065424 2 A T "5065424" "0|1" "39" "0.641,0.359" "0.73,0.27"
NC_012660.1 RF 5065439 2 G T "5065424" "0|1" "38" "0.605,0.395" "0.73,0.27"
NC_012660.1 RF 5082808 2 G A "5082808" "1|0" "46" "0.87,0.13" "0.17,0.83"
NC_012660.1 PASS 5103019 2 T TC "5103019" "0|1" "34" "0.588,0.412" "0.54,0.46"
NC_012660.1 RF 5116213 2 G A "5116213" "1|0" "62" "0.839,0.161" "0.17,0.83"
NC_012660.1 PASS 5125854 2 G A "5125854" "1|0" "46" "0.674,0.326" "0.35,0.65"
NC_012660.1 PASS 5130735 1 G A "5130735" "1" "32" ".,1" "."
NC_012660.1 RF 5151047 2 G A "5151047" "1|0" "49" "0.939,0.061" "0.11,0.89"
NC_012660.1 PASS 5167181 2 T C "5167181" "1|0" "45" "0.644,0.356" "0.44,0.56"
NC_012660.1 RF 5199693 2 G GC "5199693" "0|1" "46" "0.174,0.826" "0.24,0.76"
NC_012660.1 PASS 5207055 3 T TC "5207055" "1|0|0" "45" "0.8,0.2" "0.26,0.085,0.65"
NC_012660.1 PASS 5207787 3 G A "5207055" "0|1|0" "52" "0.942,0.058" "0.26,0.085,0.65"
NC_012660.1 RF 5218402 2 C T "5218402" "0|1" "43" "0.907,0.093" "0.88,0.12"
NC_012660.1 RF 5224078 2 G A "5224078" "1|0" "56" "0.893,0.107" "0.14,0.86"
NC_012660.1 RF 5257937 2 G A "5257937" "1|0" "52" "0.885,0.115" "0.12,0.88"
NC_012660.1 PASS 5291844 2 G A "5291844" "1|0" "28" "0.857,0.143" "0.17,0.83"
NC_012660.1 PASS 5354520 2 G A "5354520" "1|0" "44" "0.477,0.523" "0.51,0.49"
NC_012660.1 PASS 5372387 2 G A "5372387" "1|0" "37" "0.811,0.189" "0.27,0.73"
NC_012660.1 PASS 5373821 2 C T "5373821" "0|1" "65" "0.631,0.369" "0.6,0.4"
NC_012660.1 PASS 5392288 2 G A "5392288" "1|0" "46" "0.478,0.522" "0.5,0.5"
NC_012660.1 RF 5452817 2 G A "5452817" "1|0" "41" "0.878,0.122" "0.18,0.82"
NC_012660.1 PASS 5455567 2 G A "5455567" "1|0" "43" "0.14,0.86" "0.82,0.18"
NC_012660.1 RF 5463091 2 G GC "5463091" "0|1" "62" "0.823,0.177" "0.82,0.18"
NC_012660.1 PASS 5516369 2 G A "5516369" "1|0" "44" "0.705,0.295" "0.31,0.69"
NC_012660.1 RF 5529594 2 G A "5529594" "1|0" "48" "0.896,0.104" "0.12,0.88"
NC_012660.1 RF 5621703 2 T C "5621703" "1|0" "60" "0.95,0.05" "0.055,0.94"
NC_012660.1 PASS 5625406 2 C T "5625406" "0|1" "69" "0.58,0.42" "0.57,0.43"
NC_012660.1 PASS 5633938 2 G A "5633938" "1|0" "50" "0.54,0.46" "0.45,0.55"
NC_012660.1 PASS 5640210 2 G A "5640210" "1|0" "55" "0.636,0.364" "0.41,0.59"
NC_012660.1 PASS 5695337 2 G A "5695337" "1|0" "45" "0.733,0.267" "0.24,0.76"
NC_012660.1 PASS 5696461 2 C T "5695337" "0|1" "43" "0.186,0.814" "0.24,0.76"
NC_012660.1 PASS 5706909 3 G A "5706909" "1|0|0" "61" "0.77,0.23" "0.25,0.15,0.6"
NC_012660.1 PASS 5706924 3 T C "5706909" "0|1|0" "62" "0.871,0.129" "0.25,0.15,0.6"
NC_012660.1 PASS 5707458 3 A G "5706909" "1|0|0" "49" "0.735,0.265" "0.25,0.15,0.6"
NC_012660.1 RF 5724658 2 G A "5724658" "1|0" "45" "0.933,0.067" "0.1,0.9"
NC_012660.1 RF 5748184 2 C T "5748184" "0|1" "36" "0.861,0.139" "0.84,0.16"
NC_012660.1 RF 5753773 2 G T "5753773" "0|1" "45" "0.578,0.422" "0.71,0.29"
NC_012660.1 RF 5756655 2 G A "5756655" "1|0" "47" "0.915,0.085" "0.12,0.88"
NC_012660.1 PASS 5775352 2 G A "5775352" "1|0" "45" "0.622,0.378" "0.38,0.62"
NC_012660.1 RF 5792925 2 G A "5792925" "1|0" "50" "0.94,0.06" "0.084,0.92"
NC_012660.1 PASS 5799724 2 G A "5799724" "1|0" "39" "0.667,0.333" "0.36,0.64"
NC_012660.1 PASS 5843940 2 G A "5843940" "1|0" "19" "0.526,0.474" "0.45,0.55"
NC_012660.1 RF 5872298 2 G A "5872298" "1|0" "18" "0.889,0.111" "0.14,0.86"
NC_012660.1 RF 5877930 2 G A "5877930" "1|0" "55" "0.818,0.182" "0.2,0.8"
NC_012660.1 RF 5880794 2 T C "5880794" "1|0" "50" "0.86,0.14" "0.18,0.82"
NC_012660.1 PASS 5894991 2 G GC "5894991" "0|1" "41" "0.537,0.463" "0.55,0.45"
NC_012660.1 PASS 5900698 2 T C "5900698" "1|0" "52" "0.654,0.346" "0.36,0.64"
NC_012660.1 PASS 5906407 2 G A "5906407" "1|0" "33" "0.333,0.667" "0.66,0.34"
NC_012660.1 RF 5918849 2 C T "5918849" "0|1" "53" "0.925,0.075" "0.88,0.12"
NC_012660.1 PASS 5936371 2 G A "5936371" "1|0" "43" "0.442,0.558" "0.56,0.44"
NC_012660.1 PASS 5962223 2 A G "5962223" "0|1" "39" "0.256,0.744" "0.3,0.7"
NC_012660.1 RF 5969188 2 CGGGCAAGCCTGTTCAAAGGCTGAAAATCTCCCTGTAGTGAGCGGGCTTGCCCCGCGCTGGGCCGCGAAGCGGCCCCAAACCAGGCGAATGGTGTTTACCTGAAGTTCGGCGGTGTATTTATTGGGGCCGCTTCGCAGCCCAGCGCG C "5969188" "1|0" "54" "0.944,0.056" "0.082,0.92"
NC_012660.1 PASS 5979842 2 T C "5979842" "1|0" "62" "0.774,0.226" "0.26,0.74"
NC_012660.1 RF 6007131 2 G A "6007131" "1|0" "51" "0.863,0.137" "0.16,0.84"
NC_012660.1 RF 6024843 2 G A "6024843" "1|0" "50" "0.94,0.06" "0.096,0.9"
NC_012660.1 RF 6055780 2 T C "6055780" "1|0" "39" "0.872,0.128" "0.17,0.83"
NC_012660.1 PASS 6067366 2 C T "6067366" "0|1" "37" "0.568,0.432" "0.51,0.49"
NC_012660.1 PASS 6086537 2 C T "6086537" "0|1" "59" "0.695,0.305" "0.65,0.35"
NC_012660.1 PASS 6094677 2 A G "6094677" "0|1" "39" "0.667,0.333" "0.67,0.33"
NC_012660.1 PASS 6123707 2 G A "6123707" "1|0" "38" "0.289,0.711" "0.75,0.25"
NC_012660.1 RF 6128669 2 T C "6128669" "1|0" "44" "0.886,0.114" "0.12,0.88"
NC_012660.1 RF 6135979 2 C A "6135979" "1|0" "52" "0.769,0.231" "0.18,0.82"
NC_012660.1 RF 6135998 2 C A "6135979" "1|0" "41" "0.854,0.146" "0.18,0.82"
NC_012660.1 PASS 6153636 2 G A "6153636" "1|0" "46" "0.609,0.391" "0.39,0.61"
NC_012660.1 RF 6168511 2 T C "6168511" "1|0" "47" "0.83,0.17" "0.2,0.8"
NC_012660.1 RF 6191853 2 G A "6191853" "1|0" "48" "0.833,0.167" "0.21,0.79"
NC_012660.1 PASS 6200903 2 G GC "6200903" "0|1" "52" "0.558,0.442" "0.59,0.41"
NC_012660.1 RF 6210041 2 G A "6210041" "1|0" "55" "0.927,0.073" "0.11,0.89"
NC_012660.1 PASS 6223011 2 GCGCTCACTTGTAGTGAGCGGGCTTGCCCCGCGCTGGGGGGCGAAGCCGCCCCAAAATCAGGCGACTCGGCTTTACCTGAAACTATGTGGTGCCTTTATTGGGGCGGCTTCGCCCCCCAGCGCGGGGCAAGCC G "6223011" "1|0" "58" "0.414,0.586" "0.7,0.3"
NC_012660.1 PASS 6224094 2 G GC "6223011" "0|1" "40" "0.9,0.1" "0.7,0.3"
NC_012660.1 RF 6305173 2 G A "6305173" "1|0" "44" "0.886,0.114" "0.14,0.86"
NC_012660.1 PASS 6364861 2 C T "6364861" "0|1" "44" "0.727,0.273" "0.69,0.31"
NC_012660.1 PASS 6372860 2 C CG "6372860" "0|1" "26" "0.654,0.346" "0.67,0.33"
NC_012660.1 RF 6373599 2 C G "6373599" "0|1" "28" "0.893,0.107" "0.88,0.12"
NC_012660.1 RF 6373607 2 C T "6373599" "0|1" "28" "0.893,0.107" "0.88,0.12"
NC_012660.1 PASS 6393872 2 C T "6393872" "0|1" "49" "0.857,0.143" "0.74,0.26"
NC_012660.1 PASS 6394615 2 G A "6393872" "0|1" "51" "0.667,0.333" "0.74,0.26"
NC_012660.1 RF 6407200 2 A G "6407200" "0|1" "49" "0.816,0.184" "0.8,0.2"
NC_012660.1 PASS 6415471 2 T C "6415471" "1|0" "47" "0.723,0.277" "0.28,0.72"
NC_012660.1 RF 6434228 2 T C "6434228" "1|0" "54" "0.926,0.074" "0.095,0.91"
NC_012660.1 RF 6436489 2 T C "6436489" "1|0" "42" "0.881,0.119" "0.16,0.84"
NC_012660.1 PASS 6439586 2 G GC "6439586" "1|0" "39" "0.462,0.538" "0.62,0.38"
NC_012660.1 PASS 6439724 2 G A "6439586" "0|1" "52" "0.692,0.308" "0.62,0.38"
NC_012660.1 PASS 6447842 2 C T "6447842" "0|1" "39" "0.615,0.385" "0.65,0.35"
NC_012660.1 PASS 6449440 2 T C "6447842" "0|1" "40" "0.7,0.3" "0.65,0.35"
NC_012660.1 PASS 6465287 2 G GC "6465287" "0|1" "63" "0.635,0.365" "0.64,0.36"
NC_012660.1 PASS 6475826 2 G A "6475826" "1|0" "27" "0.37,0.63" "0.77,0.23"
NC_012660.1 RF 6485936 2 G A "6485936" "1|0" "18" "0.722,0.278" "0.26,0.74"
NC_012660.1 RF 6517236 2 T C "6517236" "1|0" "39" "0.923,0.077" "0.11,0.89"
NC_012660.1 RF 6520375 2 A G "6520375" "0|1" "40" "0.825,0.175" "0.81,0.19"
NC_012660.1 PASS 6522456 2 G A "6522456" "1|0" "34" "0.618,0.382" "0.46,0.54"
NC_012660.1 RF 6566764 2 T C "6566764" "1|0" "53" "0.925,0.075" "0.08,0.92"
NC_012660.1 PASS 6578456 2 C T "6578456" "0|1" "48" "0.188,0.812" "0.18,0.82"
NC_012660.1 RF 6688921 2 G GC "6688921" "0|1" "55" "0.909,0.091" "0.86,0.14"
NC_012660.1 RF 6705385 2 G A "6705385" "1|0" "48" "0.896,0.104" "0.09,0.91"
NC_012660.1 PASS 6706880 2 G A "6706880" "1|0" "51" "0.725,0.275" "0.29,0.71"
